{
  "usuarios": [
    {
      "id": "1732388353355",
      "username": "Ahora Sim",
      "password": "Porfiii.123",
      "email": "siiii@gmail.com",
      "rut": "777777-27",
      "isactive": true,
      "justificaciones": [
        {
          "idJustificacion": 1734386537513,
          "idUsuario": "1732388353355",
          "idProfesor": "1",
          "asignatura": {
            "idAsignatura": "1",
            "nombre": "Arquitectura",
            "fecha": "2024-12-16T22:02:17.513Z",
            "profesor": "usuario1",
            "qrData": "QR de ejemplo"
          },
          "fecha": "2024-12-16T22:02:17.513Z",
          "motivo": "me siento mal <3",
          "comentarioDocente": "pucha"
        }
      ],
      "clasesRegistradas": [
        {
          "idAsignatura": "2",
          "nombre": "Desarrollo Web",
          "fecha": "2024-11-22T03:25:59.475Z",
          "profesor": "usuario1",
          "qrData": "Desarrollo Web usuario1 siiii@gmail.com 777777-27"
        }
      ]
    },
    {
      "id": "1734280121398",
      "username": "Alumno1234",
      "email": "alumno.123@gmail.com",
      "rut": "98567453-0",
      "isactive": true,
      "justificaciones": [],
      "clasesRegistradas": []
    },
    {
      "id": "1734288142696",
      "username": "Pauli.Solis00",
      "email": "pauli.solis00@gmail.com",
      "password": "solis.pauli123",
      "rut": "21841385-4",
      "justificaciones": [],
      "clasesRegistradas": []
    },
    {
      "id": "1734391465618",
      "username": "Alumno010101",
      "password": "alumno.45",
      "email": "alumno@gmail.com",
      "rut": "1234324-9",
      "isactive": true,
      "justificaciones": [
        {
          "idJustificacion": 1734391709318,
          "idUsuario": "1734391465618",
          "idProfesor": "1",
          "asignatura": {
            "idAsignatura": "1",
            "nombre": "Arquitectura",
            "fecha": "2024-12-16T23:28:29.318Z",
            "profesor": "usuario1",
            "qrData": "QR de ejemplo"
          },
          "fecha": "2024-12-16T23:28:29.320Z",
          "motivo": "No fui :c",
          "comentarioDocente": "cuidese"
        },
        {
          "idJustificacion": 1734392713016,
          "idUsuario": "1734391465618",
          "idProfesor": "1",
          "asignatura": {
            "idAsignatura": "1",
            "nombre": "Arquitectura",
            "fecha": "2024-12-16T23:45:13.016Z",
            "profesor": "usuario1",
            "qrData": "QR de ejemplo"
          },
          "fecha": "2024-12-16T23:45:13.016Z",
          "motivo": "no voy a ir :c",
          "comentarioDocente": "okioki <3"
        }
      ],
      "clasesRegistradas": []
    }
  ],
  "profes": [
    {
      "id": "1",
      "username": "usuario1",
      "password": "duoc1234",
      "email": "usuario1@mail.cl",
      "rut": "98.765.432-1",
      "isactive": true,
      "fotitoUrl": "",
      "perfil": {
        "titulo": "Profesor de Arquitectura",
        "descripcion": "Especialista en estructuras y análisis de requisitos.",
        "foto": "url_foto"
      },
      "justificaciones": [
        {
          "idJustificacion": 1734386537513,
          "idUsuario": "1732388353355",
          "idProfesor": "1",
          "asignatura": {
            "idAsignatura": "1",
            "nombre": "Arquitectura",
            "fecha": "2024-12-16T22:02:17.513Z",
            "profesor": "usuario1",
            "qrData": "QR de ejemplo"
          },
          "fecha": "2024-12-16T22:02:17.513Z",
          "motivo": "me siento mal <3",
          "comentarioDocente": "pucha"
        },
        {
          "idJustificacion": 1734391709318,
          "idUsuario": "1734391465618",
          "idProfesor": "1",
          "asignatura": {
            "idAsignatura": "1",
            "nombre": "Arquitectura",
            "fecha": "2024-12-16T23:28:29.318Z",
            "profesor": "usuario1",
            "qrData": "QR de ejemplo"
          },
          "fecha": "2024-12-16T23:28:29.320Z",
          "motivo": "No fui :c",
          "comentarioDocente": "cuidese"
        }
      ],
      "asignaturas": [
        {
          "id": "1",
          "nombre": "Arquitectura",
          "seccion": "A",
          "descripcion": "Estudio de la estructura y funcionamiento de los requisitos."
        }
      ]
    },
    {
      "id": "1732321688942",
      "username": "ncjskdncks",
      "email": "ifnsdkvdf@gmail.com",
      "password": "cdilvndfd1",
      "rut": "1223333-1",
      "isactive": true,
      "fotitoUrl": "Calidad de Software",
      "perfil": {
        "titulo": "Calidad de Software",
        "descripcion": "fmewlinvfsldfnjk",
        "foto": "Calidad de Software"
      },
      "justificaciones": [
        {
          "idJustificacion": 1732398648592,
          "idUsuario": "1732388353355",
          "idProfesor": "1732321688942",
          "asignatura": {
            "idAsignatura": "2",
            "nombre": "Desarrollo Web",
            "fecha": "2024-11-22T03:25:59.475Z",
            "profesor": "usuario1",
            "qrData": "Desarrollo Web Pauli<3 usuario2@mail.cl 12345678"
          },
          "fecha": "2024-11-08T18:50:00",
          "motivo": "AAAAAAAAAAAAAAA",
          "comentarioDocente": "OKI"
        },
        {
          "idJustificacion": 1734376144212,
          "idUsuario": "1734288142696",
          "idProfesor": "1732321688942",
          "asignatura": {
            "idAsignatura": "1732321688942",
            "nombre": "Calidad de Software",
            "fecha": "2024-12-16T19:09:04.212Z",
            "profesor": "ncjskdncks",
            "qrData": "QR de ejemplo"
          },
          "fecha": "2024-12-16T19:09:04.212Z",
          "motivo": "ayudaaaaaaaaa",
          "comentarioDocente": ""
        }
      ],
      "asignaturas": [
        {
          "id": "1732321688942",
          "nombre": "Calidad de Software",
          "seccion": "B",
          "descripcion": ""
        }
      ]
    },
    {
      "id": "1732324839306",
      "username": "waaaaaaa",
      "email": "waaa@gmail.com",
      "password": "waaaaaaaaaaa",
      "rut": "5212345-3",
      "isactive": true,
      "fotitoUrl": "Waaa",
      "perfil": {
        "titulo": "Profe de Matemática",
        "descripcion": "",
        "foto": "Waaa"
      },
      "justificaciones": [
        {
          "idJustificacion": 1734375555022,
          "idUsuario": "1734288142696",
          "idProfesor": "1732324839306",
          "asignatura": {
            "idAsignatura": "1732324839306",
            "nombre": "Matemática",
            "fecha": "2024-12-16T18:59:15.022Z",
            "profesor": "waaaaaaa",
            "qrData": "QR de ejemplo"
          },
          "fecha": "2024-12-16T18:59:15.022Z",
          "motivo": "ayuda te jurooo",
          "comentarioDocente": ""
        }
      ],
      "asignaturas": [
        {
          "id": "1732324839306",
          "nombre": "Matemática",
          "seccion": "C",
          "descripcion": ""
        }
      ]
    }
  ]
}